Index,Age,Income,EducYears,HoursWPerWeek,PrevJobs,Distance,Credit,Savings,Expenses,Dependents,Health,YearJob,Gender,Status,EducationLevel,Spending
0,56,138.36,16,58,5,41.6,458.03,54.17,6.23,0,70.05,6,Female,Married,High School,173.26
1,46,58.73,16,25,6,11.6,453.86,84.16,8.56,3,40.18,5,Female,Single,PhD,149.67
2,32,88.07,17,24,4,40.7,482.6,34.59,18.7,2,7.63,3,Male,Single,Master,130.97
3,60,110.69,16,46,6,39.5,664.54,71.18,7.43,0,73.27,3,Male,Single,Master,197.16
4,25,123.54,12,58,0,32,778.85,99.38,18.36,0,61.69,9,Male,Single,High School,237.65
5,38,79.72,17,52,0,19.3,717.5,32.15,19.64,1,0.29,4,Male,Single,PhD,208.92
6,56,129.47,17,23,8,14.3,700.14,67.73,13.57,3,0.94,9,Female,Single,Master,218.15
7,36,119.96,15,31,4,12.4,566.42,84.59,16.52,2,80.88,4,Female,Single,Bachelor,205.73
8,40,28.61,16,57,4,16.6,681.59,91.66,15.24,3,25.94,2,Male,Divorced,Master,166.61
9,28,25.96,18,30,2,45.3,604.02,72.08,14.29,1,63.61,4,Male,Married,High School,139.09
10,28,100.7,17,51,4,4.8,418.94,29.08,6.83,4,45.42,6,Male,Married,High School,152.32
11,41,65.16,19,53,2,41.6,414.72,33.3,2.08,0,86.34,6,Male,Divorced,High School,128.23
12,53,47.19,18,40,8,18.1,463.02,3.06,7.52,2,91.7,5,Male,Divorced,Master,127.46
13,57,95.35,12,35,8,26.6,800.94,76.33,13.67,4,99.68,1,Female,Single,PhD,208.68
14,41,64.4,15,38,5,39.9,601.08,5.23,2.95,1,15.37,3,Female,Single,Bachelor,171.66
15,20,89.84,13,29,0,44.3,703.65,86.6,1.23,3,86.3,5,Male,Divorced,High School,198.08
16,39,79.82,18,56,6,17.9,490.61,12.75,3.65,0,26.6,6,Female,Single,PhD,142.06
17,19,96.02,17,38,6,23.6,524.24,18.02,14.6,2,59.08,1,Female,Married,Bachelor,178.95
18,41,72.04,12,55,9,21.3,369.06,48.18,19.48,4,50.58,9,Female,Married,High School,123.31
19,61,110.7,14,24,9,1.6,394.21,74.05,19.68,4,1.8,3,Male,Single,Bachelor,129.63
20,47,43.41,12,60,3,15.5,755.05,14.76,10.39,0,93.28,3,Female,Single,Bachelor,191.45
21,55,110.55,12,38,7,23.5,621.66,44.57,17.52,3,7.83,2,Female,Single,PhD,173.35
22,19,73.52,15,22,5,21.1,485.64,48.8,15,1,68.82,8,Male,Married,Bachelor,151.36
23,38,133.66,13,22,3,36.4,741.57,22.02,10.52,3,78.5,3,Female,Single,High School,193.21
24,50,86.98,14,50,3,19.9,435.59,12.44,11.88,3,79.53,6,Male,Divorced,PhD,135.27
25,29,146.5,16,46,1,25,836.82,83.81,3.61,3,13.55,2,Female,Single,Master,270.28
26,39,98.25,16,52,1,22.1,489.65,50.74,18.82,0,44.76,7,Male,Divorced,Master,155.81
27,61,49.1,18,24,3,37.3,485.52,2.42,7.69,0,82.94,4,Male,Single,PhD,123.8
28,42,126.83,12,21,4,43.3,471.55,80.5,9.48,1,30.27,9,Female,Single,Master,176.89
29,44,64.86,19,40,7,27.1,367.16,98.1,13.76,3,46.77,9,Female,Married,Bachelor,115.04
30,59,65.19,15,36,5,39.7,361.13,60.99,7.34,0,27.28,7,Male,Divorced,High School,123.11
31,45,24.13,19,38,3,15.5,656.46,50.87,5.83,1,46.36,8,Male,Divorced,Bachelor,166.64
32,33,91.33,15,60,6,27.5,781.31,87.96,12.99,1,88.78,3,Female,Divorced,PhD,224.61
33,32,89.48,16,59,7,17.9,734.79,95.3,1.47,3,45.51,5,Female,Married,High School,199.89
34,64,66.28,18,58,1,21.3,377.61,75.7,14.69,2,55.59,2,Female,Divorced,PhD,119.93
35,61,136.25,18,51,6,36.9,600.07,45.1,10.77,3,40.4,7,Female,Married,PhD,235.68
36,20,36.74,18,34,1,44.2,358.08,59.63,12.51,2,46.01,8,Male,Single,PhD,95.34
37,54,62.91,14,36,1,7,324.91,70.39,13.01,1,1.52,9,Male,Single,Bachelor,137.25
38,24,61.81,13,42,7,32.1,661.01,20.23,11.01,0,28.37,7,Male,Divorced,High School,192.79
39,38,32,14,53,1,29.5,594.33,45.27,12.07,4,43.66,8,Female,Single,High School,156.02
40,26,82.55,17,23,8,6.8,345.11,83.15,13.99,1,63.38,9,Female,Single,High School,120.09
41,56,109.41,17,37,0,11.4,319.22,65.82,15.31,0,45.01,6,Male,Divorced,Bachelor,124.99
42,35,86.52,19,23,8,16.2,844.37,41.71,14.82,1,33.78,2,Male,Single,Master,218.23
43,21,40.41,13,41,0,9.2,316.51,66.67,17.52,3,38.81,2,Male,Divorced,Bachelor,88.79
44,42,69.05,16,56,9,12.9,544.49,12.7,4.6,2,24.23,4,Male,Divorced,Bachelor,159.57
45,31,20.34,13,51,9,14.1,577.54,40.75,8.62,1,92.45,9,Male,Single,PhD,127.44
46,26,132.88,15,29,1,17.4,364.5,79.52,19.01,0,52.17,7,Male,Single,High School,133.92
47,43,30.99,17,59,5,37.7,392.98,22.83,8.54,3,1.34,2,Female,Single,High School,124.81
48,19,97.65,12,47,5,29,493.49,19.41,3.37,4,1.94,8,Male,Single,Master,145.41
49,37,148.21,12,20,0,49.3,718.92,95.13,10.98,3,97.3,7,Male,Single,Master,232.88
50,45,89.76,16,30,6,21.3,578.9,21.78,3.08,2,22.15,9,Male,Married,PhD,155.78
51,64,140.13,15,30,7,37.9,650.85,26.83,4.85,3,80.56,8,Male,Single,High School,215.66
52,24,50.7,19,23,1,43.7,841.85,96.99,19.97,4,5.83,3,Male,Married,Master,203.47
53,61,118.79,14,58,7,34.3,722.4,73.74,11.29,0,92.12,1,Male,Divorced,Master,234.61
54,25,89.06,15,39,8,21.2,538.9,70.26,6.4,1,87.44,2,Male,Single,High School,160.73
55,64,113.67,12,56,5,37.9,545.54,85.44,19.9,2,57.11,2,Female,Single,Bachelor,162.6
56,52,28.1,12,33,4,11,640.32,12.47,19.36,4,0.9,4,Male,Single,Master,150.1
57,31,39.21,19,25,8,17.1,665.95,70.89,9.37,2,25.78,6,Female,Divorced,High School,161.89
58,34,37.31,17,39,8,27.8,575.39,50.87,5.95,3,40.68,4,Female,Married,Master,149.1
59,53,109.33,15,25,0,29.2,654.67,83.09,16.93,2,46.01,9,Female,Married,PhD,203.72
60,57,129.78,15,39,2,2.1,312.94,51.31,14.6,4,29.77,4,Male,Single,Master,133.67
61,21,117.45,12,57,8,47.3,536.29,62.4,14.05,1,3.29,6,Male,Single,High School,170.39
62,19,23.96,14,41,1,35.1,453.42,48.3,17.97,1,59.01,6,Male,Single,Master,104.92
63,23,132.74,16,45,3,25.3,371.05,48.34,14.1,2,52.42,1,Male,Single,PhD,148.82
64,59,66.04,18,26,3,46.7,354.75,77.03,6.39,0,28.3,8,Male,Divorced,PhD,106.61
65,21,71.63,16,22,1,22.5,631.76,63.23,14.18,2,3.8,3,Male,Single,Master,192.75
66,46,33.63,15,24,2,49,587.98,63.69,6.81,3,99.46,6,Male,Divorced,Master,154.29
67,35,115.86,16,44,2,26.1,439.47,45.58,15.43,1,48.2,3,Male,Single,PhD,165.88
68,43,43.7,12,24,0,6.6,559.02,53.58,12.78,1,75.6,2,Male,Married,PhD,150.25
69,61,93.32,12,35,5,38.5,570.73,74.83,2.47,1,45.23,5,Male,Married,Bachelor,179.31
70,51,129.29,19,42,7,34.3,407.25,82.77,10.74,0,4.32,1,Female,Single,Bachelor,161.75
71,27,31.6,15,36,2,38.9,658.65,69.96,7.52,0,30.96,9,Male,Single,PhD,159.83
72,53,89.59,19,27,4,47.6,729.51,92.48,7.24,4,32.01,7,Male,Divorced,Master,199.06
73,31,50.32,15,31,0,39,735.3,82.21,12.44,2,83.84,3,Male,Single,High School,160.59
74,48,64.58,18,57,9,31,631.36,56.62,7.12,2,65.42,4,Female,Single,Master,172.01
75,32,81.62,18,47,6,43,581.4,67.47,15.76,3,27.54,6,Male,Single,Master,168.8
76,25,66.16,17,40,9,34,333.55,92.7,2.35,1,96.77,3,Male,Married,Bachelor,109.26
77,31,104.35,15,21,0,21,458.31,62.3,13.55,0,32.15,7,Female,Divorced,Bachelor,144.43
78,40,82.35,14,60,8,44.4,351.3,82.66,16.37,3,99.82,6,Male,Married,Bachelor,137.35
79,57,95.95,16,47,7,11.9,830.1,69.19,13.78,3,99.62,9,Female,Divorced,PhD,235.73
80,38,115.79,15,33,6,36,374.29,55.64,10.45,0,19.12,5,Female,Married,PhD,150.55
81,33,92.51,13,55,9,44.2,383.48,24.94,19.06,2,31.27,4,Female,Single,Master,146.92
82,62,96.25,17,30,6,36.8,789.27,43.17,6.7,1,48.6,3,Female,Married,Master,227.68
83,35,93.38,13,42,4,35.2,819.16,96.81,1.36,2,66.41,1,Male,Married,High School,225.05
84,64,69.24,12,45,4,37.9,721.21,66.12,9.21,3,52.8,3,Female,Divorced,Master,197.75
85,41,63.87,18,29,4,23.8,302.97,56.88,1.63,1,96.94,3,Female,Divorced,Master,83.72
86,43,136.95,16,59,0,43.8,300.74,93.36,19.12,4,72.4,7,Male,Married,Bachelor,147.52
87,42,98.98,15,50,7,11,507.96,59.06,4.99,3,21.2,7,Male,Divorced,Bachelor,161.04
88,62,51.77,13,42,0,7.2,378.87,53.08,15.99,2,10.51,1,Male,Divorced,Bachelor,129.66
89,58,84.77,16,27,3,15,310.11,76.17,15.72,2,68.84,3,Female,Divorced,Bachelor,115.95
90,46,62.95,12,22,8,27,555.24,71.55,5.14,2,15.85,8,Male,Divorced,Bachelor,135.82
91,32,141.38,18,33,8,26,818.68,20.12,12.8,0,78.77,9,Female,Divorced,High School,250.21
92,62,20.98,14,50,4,41.2,478.1,47.66,1.91,3,31.1,7,Female,Married,High School,135.25
93,18,49.29,17,31,3,20.8,663.63,47.78,10.19,1,32.69,7,Male,Divorced,High School,165.71
94,42,67.5,16,42,2,24.7,658.73,38.44,1.28,2,1.08,8,Male,Single,Bachelor,184.87
95,24,83.42,16,49,2,1.7,438.09,52.21,18.5,2,70.1,6,Male,Married,PhD,124.1
96,26,130.61,14,24,4,21.1,657.73,41.9,19.55,0,11.33,3,Male,Married,Bachelor,182.15
97,41,31.43,16,47,9,32.7,416.78,20.74,5.22,1,77.29,1,Male,Married,Bachelor,106.51
98,18,124.76,12,24,0,1.8,367.1,41.82,4.95,3,49.19,7,Male,Divorced,High School,144.39
99,61,27.23,12,59,4,14.8,685.76,8.16,15.32,4,78.43,1,Female,Single,Bachelor,183.67
100,25,129.5,14,40,5,11.2,362.39,58,5.81,0,58.39,1,Female,Divorced,High School,137.83
101,41,26.71,17,26,6,3.1,848.3,85.51,18.01,3,8.24,9,Male,Married,Bachelor,187.29
102,28,22.37,15,34,8,24.5,400.9,72.8,11.9,4,76.57,7,Female,Married,Master,107.36
103,34,110.6,13,37,2,9.9,626.78,36.68,7.66,2,6.98,4,Female,Married,PhD,191.7
104,25,149.64,15,50,1,37.4,526.26,9.62,16.82,2,47.87,6,Female,Married,PhD,194.68
105,52,136.56,16,50,2,42.5,369.51,21.01,10.37,1,17.23,1,Female,Divorced,High School,152.89
106,52,94.88,13,44,8,27.7,315.31,55,18.32,4,75.23,7,Female,Single,Master,136.99
107,50,139.26,19,24,6,49.1,642.5,21.5,18.63,2,91.16,6,Female,Single,PhD,216.56
108,22,20.69,14,26,8,23.1,743.72,54.85,4.14,2,55.41,4,Male,Married,High School,172.14
109,59,146.76,14,24,1,26.2,763.11,23.93,1.04,1,52.71,7,Male,Single,Bachelor,249.67
110,56,83.8,17,43,4,49.5,565.49,85.04,19.69,3,76.4,3,Male,Married,Bachelor,178.01
111,58,113.98,13,55,3,12.3,727.6,40.33,18.22,2,0.51,1,Female,Married,Master,235.57
112,45,126.71,12,37,1,47.2,670.07,25.31,2.05,0,91.78,4,Male,Single,PhD,199.97
113,24,113.4,13,26,8,3.1,698.34,81.42,16.83,0,19.74,3,Male,Married,Bachelor,202.76
114,26,89.55,16,42,8,22.9,570.93,34.94,9.7,3,98.41,1,Male,Single,High School,165.02
115,25,81.96,12,52,5,4.4,648.38,12.04,5.92,4,73.63,2,Female,Married,Bachelor,190.53
116,29,129.02,18,50,5,36.7,743.04,57.47,17.7,1,77.43,5,Male,Single,Bachelor,228.62
117,51,46.66,18,55,7,30.8,518.84,58.57,4.74,0,65.62,8,Female,Married,PhD,151.92
118,50,145.84,19,31,5,35.6,743.29,71.75,19,0,47.17,1,Male,Single,PhD,250.64
119,40,112.42,18,28,0,19.3,625.61,24.78,4.91,3,57.16,4,Male,Married,High School,201.87
120,41,45.94,14,55,3,19.1,391.25,44.93,12.66,4,4.64,4,Male,Married,Master,117.63
121,54,115.71,13,46,6,3.2,313.58,28.95,5.24,4,62.4,5,Female,Married,Master,139.43
122,52,88.88,18,32,1,18.1,499.51,9.01,11.37,3,62.61,7,Female,Single,Bachelor,169.12
123,61,111.94,15,50,8,46.5,600.68,87.78,14,0,89.12,8,Female,Divorced,High School,198.83
124,57,119.81,17,53,7,19.6,761.9,73.16,4.61,1,50.57,6,Female,Married,Master,247.99
125,39,31.35,15,45,7,41.7,370.12,30.84,10.9,0,7.71,1,Female,Married,Master,103.25
126,44,85.79,18,48,6,42.3,740.11,60.34,9.91,4,30.62,7,Male,Single,Bachelor,198.06
127,52,141.16,19,35,3,19.3,774.65,20.93,2.35,0,65.56,3,Male,Married,High School,234.04
128,18,61.68,17,42,1,32,382.88,89.13,16.55,1,23.93,6,Female,Married,Master,120.86
129,52,97.2,16,41,2,5.7,768.38,12.38,7.38,2,28.05,8,Female,Married,PhD,208.93
130,54,68,15,54,5,6.1,845.3,1.38,11.92,0,82.05,7,Male,Married,PhD,227.19
131,64,79.05,19,54,4,3.4,699.76,50.7,10.78,3,58.43,6,Female,Divorced,Bachelor,198.68
132,31,91.32,13,53,7,29.5,731.62,58.73,10.75,2,50.85,9,Male,Divorced,Bachelor,221.36
133,20,91.36,13,20,5,21.9,846.93,58.32,3.04,3,31.85,9,Female,Married,Bachelor,208.6
134,18,46.22,15,50,5,27.9,633.01,6.4,9.05,3,73.09,1,Male,Married,Bachelor,160.27
135,22,108.99,18,50,0,26.5,469.34,32.09,9.59,3,28.77,1,Female,Married,Master,176.52
136,43,31.42,19,47,3,18.2,760.64,50.42,14.94,0,73.71,1,Female,Divorced,High School,183.82
137,31,38.05,13,50,4,34.2,637.97,22.44,16.96,4,7.01,8,Male,Divorced,Bachelor,162.14
138,56,20.35,16,54,2,38.2,619.66,87.39,11.35,2,86.45,7,Male,Single,Bachelor,162.85
139,44,35.17,12,39,8,1.7,439.5,9.62,2.65,1,49.96,3,Female,Single,Master,107.03
140,26,81.51,18,40,0,11.2,715.98,49.25,5.5,4,43.85,2,Female,Married,Bachelor,193.69
141,32,98.79,19,25,5,35.9,344.92,69.45,4.13,0,61.1,4,Male,Married,Bachelor,122.41
142,32,123.26,16,35,5,19.9,808.36,26.91,3.37,3,62.42,3,Female,Divorced,High School,213.8
143,43,33.87,19,46,9,33.5,479.2,62.8,7.95,1,13.2,7,Male,Married,PhD,132.82
144,59,130.59,17,51,4,18,370.28,83.11,5.36,2,75.62,8,Male,Married,Bachelor,154.49
145,30,116.98,16,29,4,20.1,543.3,19.84,5.15,4,27.59,6,Female,Divorced,Master,168.43
146,49,73.11,18,26,9,8.8,323.36,91.8,2.04,4,90.5,3,Male,Divorced,High School,99.75
147,56,141.28,17,47,4,13.7,676.54,55.8,1.34,1,81.79,6,Male,Divorced,Master,219.73
148,49,148.82,18,20,5,30.7,796.49,30.62,2.95,0,34.63,2,Female,Divorced,High School,231.75
149,21,46.65,13,27,7,22.2,760.49,43.65,4.27,2,80.77,7,Male,Single,High School,185.78
150,47,69.3,12,21,1,38.9,370.05,31.91,9.19,1,35.64,7,Male,Divorced,Bachelor,119.6
151,54,140.44,18,27,5,42.8,369.45,72.79,10.7,3,10.09,4,Male,Divorced,Bachelor,149.17
152,40,113.81,18,27,0,27.5,747.39,79.83,3.67,2,96.19,8,Male,Married,Bachelor,215.93
153,56,26.25,13,36,3,38.2,808.34,83.46,9.07,4,65.26,4,Female,Married,PhD,192.3
154,62,121.6,14,36,9,16,553.37,98.59,7.49,1,45.61,7,Male,Married,PhD,187.01
155,32,127.63,13,55,2,21.3,574.43,79.34,4.49,4,39.78,4,Female,Single,Master,208.5
156,60,117.57,17,40,8,35.9,475.04,60.54,1.13,4,32.47,5,Male,Divorced,Bachelor,169.1
157,46,123.94,13,49,2,19.9,791.85,34.58,9.87,4,98.14,7,Female,Divorced,PhD,245.98
158,53,127.27,13,24,5,29.8,654.7,54.91,14.03,0,13.47,3,Male,Single,Bachelor,207.93
159,30,44.23,12,29,0,10.1,458.54,5.07,5.3,4,31.48,5,Female,Divorced,PhD,109.35
160,49,50.64,13,48,5,30.4,464.33,74.74,3.5,3,48.55,3,Male,Married,PhD,132.04
161,24,102.39,19,22,3,43.2,790.16,45.15,17.85,3,47.8,5,Male,Single,High School,215.38
162,39,138.02,18,39,7,43.6,307.5,2.98,6.23,2,47.14,3,Male,Divorced,Bachelor,151.03
163,45,61.11,19,44,8,36.5,477.5,7.19,5.25,4,17.58,7,Male,Single,Bachelor,158.52
164,19,96.48,12,44,3,37.5,604.9,39.36,17.28,4,14.49,1,Female,Single,PhD,177.6
165,59,108.79,15,21,9,28.3,381.52,58.76,16.53,1,25.48,9,Female,Divorced,Bachelor,137.53
166,62,78.75,14,33,9,29.6,350.65,46.96,9.52,0,91.45,9,Male,Married,PhD,132.37
167,23,112.79,19,45,5,7.5,748.4,62.3,10.3,2,11.31,5,Female,Divorced,Bachelor,219.14
168,45,136.96,12,26,0,22.7,791.92,48.55,5.14,4,75.74,9,Male,Divorced,High School,251.09
169,45,101.13,17,48,3,23.1,752.98,66.51,2.49,1,75.75,6,Male,Married,Bachelor,207.03
170,61,90.17,15,50,6,48,794.33,22.69,11.9,0,80.98,5,Female,Divorced,High School,225.68
171,61,77.04,12,59,0,22.1,604.21,12.17,2.87,2,88.66,3,Female,Divorced,Master,183.83
172,37,95.07,12,28,7,27.9,746.74,60.05,9.54,2,26.3,8,Female,Divorced,Bachelor,216.92
173,47,66.2,14,53,9,27.1,511.22,48.98,18.87,4,22.46,4,Male,Single,Bachelor,151.87
174,28,70.89,18,41,5,32.2,666.45,3.66,19.1,2,46.55,3,Male,Single,Bachelor,189.89
175,45,89.14,19,35,4,37.7,843.86,38.67,5.55,1,26.51,6,Female,Single,High School,221.33
176,42,28.66,17,25,9,12,424.15,11.51,12.86,2,73.43,8,Male,Divorced,Bachelor,98.61
177,56,49.77,16,49,8,26.9,514.44,53.6,10.01,3,63.59,9,Female,Married,Bachelor,138.13
178,50,90.57,19,29,1,41.5,564.03,40.18,17.64,1,87.5,6,Female,Single,PhD,152.51
179,18,76.1,16,35,4,23.7,375.91,61.7,6.16,0,8.27,5,Female,Married,Master,124.27
180,44,63.27,12,23,5,14.6,344.57,80.75,1.07,0,91.51,2,Female,Divorced,High School,110.41
181,30,114.97,13,52,6,33.1,756.35,30.67,4.09,4,29.33,2,Female,Single,PhD,222.29
182,58,110.18,17,51,4,41.4,837.24,96.25,7.64,4,49.07,9,Female,Divorced,High School,239.72
183,20,41.67,15,49,8,4.1,522.6,54.03,7,3,43.86,2,Male,Married,PhD,157.51
184,56,134.22,13,32,0,39.1,348.21,62.21,16.04,0,76.03,2,Male,Single,Master,141.17
185,23,84.41,13,27,6,41.3,336.2,68.39,13.93,0,42.03,3,Female,Single,PhD,140.93
186,25,116.39,19,46,9,23.6,790.23,67.01,6.69,0,94.36,3,Female,Single,High School,237.44
187,44,94.51,17,40,6,49.2,555.1,51.59,9.7,0,90.25,4,Female,Single,Bachelor,168.26
188,26,149.7,18,27,3,39.5,476.02,43.45,2.82,2,87.22,7,Male,Married,Bachelor,181
189,54,117.81,12,47,8,38.9,562.05,6.32,18.06,1,7.13,9,Female,Single,Master,175.47
190,50,111.91,12,60,4,37.6,475.07,3.19,18.77,1,85.43,2,Female,Divorced,High School,168.6
191,59,121.21,12,50,3,8.4,568.97,36.44,19.62,3,78.16,4,Female,Single,High School,167.75
192,61,38.61,12,50,6,11.6,772.76,34.03,17.5,2,10.35,9,Male,Married,High School,206.29
193,41,46.59,19,58,3,23.7,625.77,39.38,4.31,0,10.74,2,Female,Single,Master,137.69
194,32,112.83,16,28,2,13.9,682.06,14.7,1.88,0,10.12,1,Male,Married,Bachelor,206.68
195,49,84.22,12,43,8,21.3,500.57,74.08,12.01,4,1.13,8,Male,Married,PhD,148.57
196,49,118.1,16,59,7,44.5,706.18,85.84,18.34,4,54.86,9,Female,Divorced,Master,211.03
197,41,33.38,16,27,0,41.4,666.64,93.93,4.37,3,97.34,7,Male,Single,PhD,152.28
198,58,89.74,18,48,6,31.9,365.76,49.74,1.13,0,43.87,8,Male,Single,Bachelor,151.68
199,29,69.25,12,43,8,43,614.95,70.39,16.3,3,54.08,4,Male,Single,Master,159.61
200,56,79.41,14,43,7,39.4,441.21,85.7,2.46,2,96.8,4,Female,Divorced,Bachelor,150.13
201,19,98.51,15,48,7,22,742.25,42.41,8.86,1,25.52,2,Male,Divorced,PhD,223.68
202,20,85.3,13,57,5,10.9,534.27,31.63,13.9,0,85.85,8,Female,Married,High School,148.27
203,54,90.18,16,51,3,26.2,847.08,93.74,5.5,2,54.64,2,Female,Married,High School,228.74
204,34,83.23,17,22,7,37.1,350.88,52.05,2.6,0,56.95,9,Female,Married,PhD,138.31
205,19,73.16,17,54,2,22.4,729.19,50.23,15.63,4,34.32,4,Male,Divorced,High School,185.51
206,19,120.34,15,29,8,33.7,670.54,18.66,12.97,3,56.16,1,Female,Divorced,PhD,214.97
207,45,21.59,17,35,1,5.6,722.12,11.71,19.78,4,7.31,4,Male,Divorced,Master,165.56
208,40,97.8,14,38,1,37.7,469.14,84.37,7.54,1,76.46,3,Male,Married,Master,158.66
209,54,93.52,17,39,6,40.8,570.63,61.8,2.17,4,28.47,6,Male,Divorced,Master,173.35
210,49,113.1,13,37,9,35.6,738.08,33.26,14.95,0,88.76,7,Male,Married,High School,223.82
211,50,97.87,13,57,3,48.4,427.9,19.98,10.91,4,36.79,8,Female,Married,Bachelor,147.21
212,18,127.48,16,48,9,41.5,424.32,55.99,5.05,0,14.28,2,Female,Single,High School,160.47
213,36,144.68,12,45,7,45.3,603.08,58.81,15.85,1,69.59,6,Male,Single,High School,210.24
214,19,64.53,18,22,8,46.7,587.96,21.49,4.87,4,16.46,6,Female,Single,Bachelor,158.22
215,61,49.56,14,56,6,40.3,455.24,85.29,5.95,3,75.37,5,Female,Married,Bachelor,141.17
216,43,75.07,16,56,4,34,463.94,9.34,2.76,3,96.81,7,Female,Single,Bachelor,140.05
217,49,57.43,14,51,7,1.3,452.81,36.25,8.59,3,77.96,3,Male,Single,Bachelor,140.96
218,23,99.94,12,20,3,23.8,724.33,68.36,8.96,4,2.24,4,Female,Single,High School,202.19
219,49,138.54,19,22,1,29,658.55,28.14,10.78,4,59.99,9,Male,Divorced,PhD,191.86
220,21,38.09,17,29,5,15.9,757.83,82.94,14.47,4,69.54,4,Female,Married,Master,179
221,28,33.1,17,25,8,16.6,836.51,74.25,18.22,0,82.55,3,Male,Single,PhD,182.47
222,34,53.28,18,36,0,48.1,560.79,79.11,3.62,1,5.6,2,Male,Divorced,High School,140.5
223,55,114.39,12,57,9,44.7,336.68,12.79,2.03,3,48.01,5,Male,Divorced,Bachelor,136.84
224,41,97.09,16,39,6,42.6,326.45,14.91,1.35,0,53.54,4,Female,Divorced,Master,131.63
225,22,33.29,18,21,9,20.9,462.62,29.36,3.73,3,16.91,8,Male,Single,Master,109.06
226,51,139.44,12,31,8,1.7,812.9,52.29,13.5,0,32.24,7,Female,Divorced,PhD,243.94
227,23,122.71,15,22,9,4.9,587.77,75.05,14.82,4,44.02,6,Male,Married,High School,191.06
228,39,22.99,13,21,8,16.3,449.48,83.82,15.94,3,83.32,2,Female,Divorced,High School,100.04
229,28,104.68,18,31,9,1.8,519.54,70.73,5.63,4,92.94,3,Male,Divorced,High School,162.11
230,33,120.26,18,31,2,1.8,629.23,92.93,6.81,3,62.84,9,Female,Divorced,Master,203.93
231,50,68.68,16,51,4,45.9,659.12,74.14,10.18,2,39.49,9,Male,Divorced,PhD,183.11
232,26,28.96,14,59,7,35.6,384.66,31.32,2.2,0,25.4,5,Male,Married,Master,119.6
233,23,30.05,15,35,7,16.1,837.37,27.24,12.61,2,98.21,3,Male,Single,Master,205.68
234,33,33.55,16,37,3,7.5,599.62,69.92,19.69,0,98.3,2,Female,Married,Bachelor,157.2
235,46,129.26,12,54,0,26.1,374.63,20.09,7.86,1,92.5,8,Male,Married,PhD,141.48
236,20,138.39,12,31,0,1.3,791.5,10.18,15.3,3,78.57,6,Male,Single,Bachelor,239.42
237,37,35.97,12,26,3,47,341.05,53.69,10.5,1,32.58,7,Male,Divorced,High School,87.89
238,53,50.67,19,54,5,21.3,799.25,82.34,3.43,1,81.7,1,Male,Single,Master,219.52
239,36,41.52,12,22,7,20.7,848.11,11.04,12.06,0,40.88,1,Female,Single,PhD,200.93
240,43,44.22,14,45,5,20.1,685.24,79.4,6.7,2,32.68,2,Male,Married,High School,171.62
241,20,128.87,15,42,8,4.4,723.75,81.35,1.65,4,74.49,3,Male,Single,PhD,227.6
242,36,63.18,17,34,8,32.3,485.52,48.75,13.06,0,7.97,1,Female,Divorced,Master,139.75
243,37,60.49,13,33,1,36.9,817.87,6.67,17.32,4,4.86,5,Female,Married,PhD,191.42
244,49,49.56,14,51,9,34.1,591.34,18.28,7.55,1,44.8,3,Female,Divorced,High School,166.94
245,24,99.03,14,23,0,7.8,702.81,71.04,8.42,4,44.56,1,Male,Married,Bachelor,198.06
246,58,69.31,19,29,1,29.4,808.26,71.47,17.93,2,89.56,8,Female,Divorced,Master,219.35
247,50,116.75,17,49,4,28.9,836.35,89.94,16.46,0,12.62,6,Female,Single,Bachelor,239.19
248,57,46.73,17,42,3,43.6,758.26,58.69,14.58,2,12.33,9,Female,Single,Master,201.99
249,56,122.41,13,25,3,19.6,466.66,13.29,5.73,2,14.75,3,Male,Single,High School,166.32
250,35,98.48,13,55,8,19.2,831.6,13.02,18.29,0,2.97,9,Male,Divorced,Master,241.89
251,57,34.85,17,36,7,31.3,645.47,72.39,3.93,2,7.17,9,Male,Married,Bachelor,157.32
252,18,73.89,12,53,5,32,811.85,19.19,12.91,3,65.99,1,Female,Married,Master,223.78
253,28,132.26,14,52,0,24,671.86,33.51,1.55,3,43.16,3,Male,Married,High School,203.69
254,45,139.98,16,45,1,22.7,468.98,49.23,13.23,3,76.36,6,Female,Single,Master,176.01
255,42,80.54,13,40,5,25.2,503.51,3.45,6.27,4,99.26,8,Female,Divorced,Bachelor,138.06
256,40,82.51,19,59,1,43.2,602.76,25.63,9.54,2,65.9,4,Female,Married,High School,173.13
257,48,139.4,19,26,9,23.6,734.51,41.38,7.56,0,5.05,5,Male,Divorced,Bachelor,215.43
258,47,96.32,13,49,4,47.1,474.89,28.68,4.28,0,10.46,9,Female,Married,Master,169.44
259,59,24.27,17,28,4,25.7,618.85,14.5,12.82,4,88.1,6,Female,Single,PhD,142.73
260,52,138.66,15,34,5,47.5,490.09,73.07,17.76,0,52.75,7,Male,Divorced,Bachelor,177.72
261,24,52.27,16,32,5,41.8,748.67,81.5,19.22,3,82.48,7,Female,Married,Master,188.83
262,33,95.09,16,58,5,18.8,556.7,26.49,4.65,2,85.66,4,Female,Married,PhD,192.06
263,43,41.52,13,59,1,43.3,342.2,77.67,14.63,0,92.77,4,Female,Married,PhD,111.85
264,19,24.4,12,27,9,6.4,391.33,39.17,13.62,0,94.98,4,Male,Married,High School,106.15
265,18,60.49,15,21,2,46.3,333.61,51.16,7.52,1,55.48,5,Female,Single,PhD,97.53
266,29,121.46,16,49,5,32,574.62,85.74,1.36,1,34.1,5,Male,Married,Bachelor,206.79
267,22,56.09,13,37,7,3.7,358.49,75.25,14.11,1,96.19,8,Male,Married,Bachelor,128
268,54,48.61,19,24,0,32.6,362.78,80.71,18.96,2,54.74,9,Female,Single,PhD,103.56
269,49,47.65,16,47,0,48.7,817.58,14.55,13.01,3,6.43,2,Female,Married,Master,200.7
270,26,86.97,18,42,1,4.4,779.96,7.9,9.27,3,64.28,7,Female,Divorced,Bachelor,195.86
271,58,146.82,15,59,5,28.2,548.65,89.45,10.98,3,58.77,1,Female,Divorced,Bachelor,192.22
272,52,79.67,15,29,8,37.6,842.19,39.4,4.79,2,89.58,1,Male,Married,High School,200.33
273,36,92.45,18,36,3,40.7,300.1,29.5,15.26,2,65.32,4,Male,Single,Master,107.99
274,33,131.88,14,42,2,21.3,637.69,72.74,15.18,1,34.91,7,Female,Single,PhD,209.56
275,20,89.56,19,52,7,11,639.04,83.81,3.76,0,96.62,2,Male,Single,Master,187.58
276,37,43.98,18,42,9,3.1,551.59,86.39,17.68,4,80.16,2,Female,Married,High School,173.13
277,41,58.95,17,45,8,29.4,518.32,32.28,6.11,4,63.04,1,Female,Married,High School,147.78
278,50,60.29,17,29,4,23.2,550.46,85.37,19.66,0,29.29,2,Female,Divorced,Master,144.46
279,41,71.65,13,54,8,47.5,528.23,5.05,8.28,1,37.35,7,Female,Single,High School,168.26
280,28,75.48,15,37,1,4,701.77,5.92,4.38,0,67,9,Male,Married,High School,174.97
281,25,123.97,14,26,2,34.6,374.45,62.73,7.68,0,7.2,6,Male,Married,High School,134.75
282,53,65.42,14,47,6,2.2,408.7,7.25,9.36,4,25.67,2,Female,Married,Master,140.06
283,55,80.87,16,29,6,9.4,399.29,33.14,2.32,1,71.39,9,Female,Single,High School,126.93
284,57,101.25,16,24,5,23.2,444.36,67.6,11.99,2,48,7,Male,Single,PhD,144.94
285,37,69.1,18,54,5,23.3,588.89,34.39,12.36,4,40.24,1,Male,Divorced,PhD,159.3
286,52,128.75,14,38,1,34.6,361.16,18.78,15.04,2,15.15,9,Male,Single,Bachelor,150.53
287,42,96.37,18,50,9,45.6,777.49,28.85,1.55,1,44.18,2,Female,Married,PhD,215.59
288,52,58.23,19,32,5,32.3,463.55,46.3,11.28,0,77.07,4,Male,Divorced,Bachelor,132.04
289,42,112.83,18,51,3,47.7,389.4,48.06,2.01,3,26.4,9,Female,Single,Master,138.15
290,46,88.59,16,24,2,44.2,671.59,78.52,14.32,3,0.54,4,Female,Single,High School,184.13
291,35,89.48,15,34,1,29.6,320.95,75.27,2.06,1,66.85,3,Male,Single,PhD,139.45
292,63,82.54,18,59,0,41.9,640.98,46.22,18.32,3,97.26,1,Female,Single,Bachelor,182.95
293,35,84.61,12,52,4,32.5,684.01,84.72,14.34,2,60.68,7,Male,Married,Master,198.32
294,19,119.5,15,40,1,4.8,418.2,12.31,10.64,3,11.99,6,Female,Single,Bachelor,153.33
295,52,33.39,14,34,1,37.3,323.08,26.28,9.39,1,32.07,4,Female,Married,High School,98.13
296,33,63.47,14,55,6,5.7,500,82.97,3.48,1,86.76,6,Female,Married,PhD,157.88
297,58,29.82,18,42,7,30.1,354.23,38.42,6.53,2,23.26,6,Female,Married,Master,105.86
298,53,117.92,15,50,9,35.4,364.06,98.14,17.51,3,60.77,4,Female,Divorced,Bachelor,149.67
299,50,55.4,16,50,7,4.3,439.84,47.16,18.18,3,40.27,6,Female,Married,Master,133.91
300,21,136.67,16,21,3,12.3,462.51,79.4,1.01,0,20.78,8,Male,Single,Bachelor,168.05
301,50,88.46,17,25,0,45.9,591.48,40.83,12.29,4,81.34,3,Male,Divorced,Bachelor,167.9
302,31,124.1,14,46,6,31.2,673.12,43.07,14.67,1,74.28,4,Female,Single,High School,192.46
303,38,147.26,13,26,0,13.1,626.02,38.91,12.76,0,66.16,1,Male,Married,High School,238.08
304,37,129.17,17,30,3,34.8,381.6,72.19,2.55,1,23.63,4,Female,Single,Bachelor,157.25
305,25,132.71,16,58,7,30.2,394.65,55.2,5.14,0,9.79,9,Male,Divorced,PhD,152.85
306,24,73.04,15,42,1,25.6,783.32,94.43,5.76,4,57.62,8,Male,Divorced,Master,208.21
307,20,91.72,19,50,5,48.8,607.09,25.84,16.8,0,55.37,4,Female,Single,Master,168.83
308,34,53.01,16,42,5,34.5,778.47,10.96,9.8,1,18.84,7,Male,Single,High School,189.95
309,50,45.49,15,42,8,19.4,504.35,39.93,10.25,3,5.62,3,Female,Single,PhD,121.43
310,29,85.72,17,24,4,40.2,637.92,62.05,18.76,1,8.07,9,Male,Divorced,Bachelor,177.06
311,39,97.36,14,34,9,44.3,588.01,86.22,13.1,2,99.28,4,Female,Married,High School,165.59
312,39,64.11,16,31,3,7.1,475.52,35.27,18.07,2,78.36,2,Male,Single,Bachelor,140.43
313,63,94.03,18,36,4,10.8,558.45,65.72,9.67,2,92.2,5,Female,Married,Bachelor,181.22
314,47,135.37,15,52,9,11.6,576.37,35.67,3.84,2,19.51,2,Male,Divorced,High School,190.27
315,55,92.37,14,35,4,34.9,410.42,62.1,18.67,4,96.06,6,Female,Single,PhD,140.34
316,55,113.71,19,38,7,30.5,473.26,88.6,9.72,3,14.27,1,Male,Single,Master,154.12
317,62,124.69,19,36,9,31.3,735.28,23.9,4.45,3,50.91,6,Female,Divorced,High School,225.29
318,25,148.53,13,24,7,47.1,803.68,41.02,6.75,1,82.97,4,Male,Single,PhD,235.24
319,44,98.42,15,38,1,39,497.89,99.33,1.97,0,34.98,3,Female,Married,Bachelor,172.97
320,44,124.89,17,28,6,7.3,468.83,86.99,9.9,1,42.48,2,Male,Divorced,High School,146.44
321,51,145.14,13,27,7,18,407.36,56.9,17.21,1,12.82,7,Female,Divorced,Master,152.23
322,38,142.77,13,24,5,22.3,673.17,52.15,18.74,1,12.29,9,Female,Single,Master,202.06
323,47,38.34,12,34,4,20.4,477.7,29.18,18.72,1,61.96,3,Female,Divorced,Bachelor,127.02
324,50,72.83,16,50,8,33.8,843.26,52.2,3.38,3,67.55,6,Female,Single,High School,225.71
325,45,62.12,15,31,2,44.7,479.13,84.97,8.26,0,77.73,9,Male,Single,Master,139.01
326,64,31.3,13,32,9,16,516.77,68.83,1.54,1,55.67,2,Male,Divorced,High School,123.66
327,50,102.32,12,46,3,28,631.83,29.71,17.25,3,64.58,7,Male,Single,Master,163.29
328,22,115.67,17,28,8,39.7,740.93,20.94,7.82,1,1.35,5,Female,Married,Bachelor,219.76
329,36,130.26,14,56,5,21.4,558.24,27.26,12.99,2,16.22,5,Female,Married,Bachelor,206.42
330,21,35.96,18,41,7,9.2,532.46,17.81,14.58,1,98.49,7,Female,Single,High School,163.52
331,52,133.94,18,38,6,24.3,847.6,10.47,9.17,1,7.6,9,Female,Married,PhD,248.62
332,34,103.58,15,42,1,3.7,305.77,42.49,6.82,4,67.88,4,Female,Single,PhD,118.99
333,61,111.51,13,27,2,47.2,792.29,12.22,19.28,2,17.61,9,Male,Married,Bachelor,230.41
334,45,138.38,18,45,0,4.7,382.03,18.02,19.33,0,71.67,9,Male,Divorced,Master,156.4
335,47,101.22,16,35,8,22.5,732.26,55.19,6.5,1,70.6,4,Male,Single,PhD,220.17
336,46,63.66,18,56,6,27,639.86,17.3,10.11,0,23.42,3,Female,Single,Bachelor,168.49
337,63,127.26,18,27,0,49.3,488.02,7.32,19.48,2,26.96,2,Female,Single,Master,166.77
338,23,67.2,18,40,2,9.1,780.63,32.42,1.09,1,65.48,9,Female,Single,Master,210.57
339,52,24.45,19,44,3,6.6,307.1,22.81,8.84,4,39.01,2,Female,Single,PhD,89.91
340,58,127.99,12,21,3,1.4,424.68,52.02,2.91,3,19.45,6,Female,Single,Bachelor,166.94
341,54,64.87,13,35,4,8.6,611.79,11.13,10.67,4,73.17,5,Female,Divorced,Master,160.79
342,41,120.6,16,49,2,11.2,493.35,75.43,1.47,4,15.41,5,Female,Divorced,Master,186.39
343,46,67.16,13,53,2,31.9,635.71,90.72,8.73,3,85.56,4,Male,Married,High School,164.93
344,63,131.94,19,33,0,11.8,313.26,74.6,5.19,3,51.47,6,Male,Single,High School,122.14
345,48,48.54,15,52,6,2,364.05,53.75,11.13,3,10.57,5,Female,Married,PhD,130.45
346,52,146.69,15,59,9,41.5,369.9,86.21,19.92,1,69.41,4,Female,Married,High School,170.01
347,50,121.37,15,54,0,18.9,404.11,69.8,16.21,0,51.92,9,Female,Divorced,Bachelor,167
348,38,34.85,17,25,1,18.3,552.63,2.04,17.07,0,29.81,6,Male,Married,PhD,141.36
349,49,93.55,18,50,3,15.8,713.67,40.01,13.07,3,42.25,3,Male,Divorced,PhD,204.32
350,40,148.1,17,33,3,48.8,798.05,85.24,1.79,4,29.83,6,Female,Married,High School,235.21
351,50,81.24,12,60,4,9.3,759.45,35.24,4.93,2,26.3,1,Male,Single,Master,210.1
352,20,43.67,15,39,1,45,408.29,4.49,18.58,3,16.36,5,Male,Married,Bachelor,133.94
353,35,83.02,19,25,3,39.1,542.63,74.87,7.96,4,36.28,6,Male,Divorced,Bachelor,158.07
354,42,86.62,16,49,0,4.7,409.68,80.4,2.97,4,25.1,8,Female,Divorced,Bachelor,146.77
355,59,116.42,13,33,1,49.3,445.46,16.9,14.35,1,68.34,9,Male,Divorced,PhD,163.72
356,48,110.85,18,60,0,14.3,576.95,54.2,6.69,1,68.39,3,Male,Married,Bachelor,183.65
357,20,72.33,14,59,9,5.8,337.46,20,6.11,0,50.18,2,Female,Married,Master,134.99
358,57,48.34,16,46,9,41.6,420,72.2,19.96,0,77.79,4,Female,Divorced,Master,118.91
359,63,103.86,18,25,3,35.6,814.46,27.88,17.3,2,84.13,8,Male,Single,High School,219.78
360,41,74.82,17,47,3,31.2,556.36,32.31,8.75,2,57.98,8,Female,Single,Bachelor,183.9
361,49,37.2,17,24,6,8.6,544.96,84.65,19.62,2,61.89,3,Male,Married,PhD,145.68
362,64,137.07,16,21,9,24.4,308.01,48.16,13.35,2,28.29,4,Male,Married,High School,135.11
363,39,109.86,17,53,8,39.2,436.07,67.31,15.1,4,89.49,3,Female,Divorced,Master,158.66
364,40,108.81,15,28,8,15.9,776.46,40.83,1.6,4,2.42,2,Female,Married,Bachelor,223.58
365,19,126.94,12,35,4,16.3,390.55,30.5,3.31,0,34.86,4,Male,Married,Master,173.99
366,44,88.86,13,59,9,1.2,528.32,62.92,13.03,1,72.18,6,Female,Divorced,High School,168.17
367,59,125.96,12,33,0,9.5,307.88,16.33,18.08,1,8.01,5,Female,Divorced,Master,156.68
368,19,84.75,18,32,0,43.9,563.08,37.93,12.85,3,18.32,3,Male,Married,Bachelor,156.58
369,43,28.73,13,57,5,22.6,311.56,21.69,3.55,4,58.93,2,Male,Single,Bachelor,93.37
370,34,72.68,19,24,1,49.2,750.79,69.88,3.2,2,56,9,Male,Married,High School,191.2
371,57,84.67,13,50,7,20.4,753.67,94.48,17.04,2,73.89,1,Male,Single,Bachelor,203.24
372,50,113.63,12,60,8,36,733.26,99.56,3.65,3,81.26,9,Male,Single,Master,216.59
373,26,33.86,16,56,3,14.8,455.85,45.58,10.88,1,12.86,1,Male,Single,Master,117.8
374,60,38.2,13,46,4,18.8,760.48,26,1.71,2,1.84,7,Female,Divorced,PhD,202.32
375,56,54.28,19,33,7,10.3,598.65,44.84,2.53,1,68.96,6,Female,Divorced,PhD,170.86
376,46,54.64,19,30,2,18,505.59,84.88,13.77,3,30.14,7,Male,Divorced,PhD,141.52
377,59,115.18,19,53,4,27.8,643.93,21.39,14.09,1,62.6,3,Female,Married,Master,202.47
378,43,52.59,12,55,2,49.6,306.79,95.26,7.49,1,15.05,3,Female,Divorced,Master,97.38
379,52,102.3,13,41,9,33.5,378.63,34.84,5.1,1,46.9,1,Male,Divorced,High School,146.6
380,42,84.26,14,30,2,10.8,708.26,98.59,16.46,2,50.44,4,Female,Married,PhD,200.71
381,41,94.53,16,25,2,3.2,434.29,84.02,5.12,0,58.51,2,Female,Married,Master,145.03
382,30,128.95,15,23,6,7.2,628.91,81.05,11.3,4,51.32,8,Male,Single,High School,202.72
383,24,72.57,13,49,6,28.6,511.81,32.47,19.4,1,49.57,3,Female,Married,Master,167.19
384,53,120.22,19,37,6,38.5,770.14,1.87,3.81,1,33.27,7,Female,Married,High School,228.64
385,62,74.86,14,56,9,47.1,823.83,38.83,18.88,1,7.12,7,Male,Divorced,PhD,211.19
386,37,66,15,50,7,1.8,785.96,30.88,4.47,0,8.95,9,Female,Single,PhD,191.86
387,18,144.62,15,28,4,26.6,448.84,4.7,11.78,3,43.38,6,Female,Single,PhD,172.88
388,25,43.97,18,45,4,24.1,406.79,51.03,8.16,2,35.58,1,Female,Married,Master,143.38
389,63,31.74,13,37,3,33.1,560.94,40.9,19.33,0,51.61,8,Male,Divorced,Master,128.18
390,33,120.23,12,43,6,28.4,304.03,63.82,6.2,1,30.48,1,Male,Divorced,High School,144.84
391,31,28.87,13,50,9,34.7,314.2,62.5,8.59,0,68.79,3,Female,Divorced,Bachelor,85.38
392,29,128.82,14,52,3,33.2,604.31,12.95,19.67,0,86.4,5,Female,Divorced,Bachelor,196.21
393,40,76.84,15,54,1,6.7,586.25,97.72,11.19,0,29.89,8,Male,Married,PhD,185.94
394,32,139.02,13,30,3,40.2,847.02,19.51,10.55,3,19.3,9,Male,Divorced,Bachelor,245.41
395,45,113.8,12,21,7,7,411.01,45.08,5.9,4,11.62,7,Female,Single,PhD,147.96
396,51,99.35,18,50,8,35.2,441.96,49.32,14.33,2,61.63,9,Male,Single,High School,155.23
397,19,143.41,13,24,2,21.4,362.45,81.49,1.27,3,44.39,3,Female,Married,Bachelor,149.73
398,49,71.56,16,33,6,26.2,804.65,10.82,1.94,3,18.8,5,Female,Divorced,Bachelor,215.44
399,40,144.03,18,20,8,45.3,727.8,43.44,12.39,4,65.31,8,Male,Divorced,PhD,223
400,39,37.55,12,47,3,44.6,752.29,63.22,7.49,3,14.85,1,Male,Divorced,High School,169.53
401,42,82.89,14,27,9,41.1,796.52,22.3,19.11,0,55.43,8,Female,Divorced,Bachelor,199.83
402,39,55.09,15,46,2,26,588.69,63.12,18.16,0,52.71,7,Female,Married,Bachelor,132.98
403,39,90.18,13,60,4,37.1,548.16,92.44,14.56,1,73.42,1,Male,Divorced,Bachelor,173.14
404,59,41.06,12,23,0,26.1,481.72,99.75,16.54,3,5.51,6,Female,Married,High School,141.79
405,23,129.4,18,23,2,43.6,624.07,4.21,13.68,1,88.79,1,Male,Divorced,High School,185.97
406,32,130.03,16,34,7,20.7,549.85,24.32,3.39,2,70.3,2,Male,Divorced,Bachelor,190.93
407,60,144.18,12,55,7,48.5,548.36,31.72,15.55,0,21.61,5,Male,Single,PhD,202.46
408,54,40.11,17,29,3,46.7,815.31,40.51,4.99,2,18.34,2,Male,Married,PhD,189.18
409,50,101.03,19,34,1,37.3,841.22,24.98,7.15,4,43.17,1,Male,Single,Bachelor,244.45
410,25,81.65,16,23,7,14.7,738.07,21.15,16.57,0,81.76,6,Female,Married,High School,197.53
411,61,64.77,18,51,7,7.5,716.22,95.5,11.19,2,84.29,8,Male,Divorced,Bachelor,210.89
412,61,65.7,14,36,9,42.9,674.31,91.93,17.34,4,52.05,8,Male,Divorced,High School,162.25
413,22,73.66,15,50,3,9.1,391.34,5.65,5.05,2,86.08,8,Male,Married,Bachelor,132.52
414,56,111.64,18,56,2,42.9,332.51,34.54,12.55,4,0.54,6,Male,Single,High School,137.66
415,21,97.78,19,29,1,25,679.9,41.11,2.59,4,3.52,3,Male,Married,Master,198.26
416,23,79.76,14,52,8,20.9,700.83,24.66,13.22,0,91.18,1,Male,Married,PhD,207.9
417,62,29.87,13,22,0,45.3,325.84,63.26,15.49,1,77.53,2,Male,Divorced,Master,120.79
418,49,30.11,12,56,6,30.6,810.43,64.4,12.11,4,45.07,5,Female,Single,PhD,198.48
419,47,20.3,17,46,4,29.3,350.13,85.2,6.06,4,75.36,5,Female,Married,High School,99.23
420,64,145.8,16,55,7,28.4,457.25,74.35,1.6,0,95.56,1,Female,Single,Master,169.88
421,52,20.68,16,20,3,19.2,669.81,54.71,3.27,1,77.21,1,Female,Single,PhD,131.41
422,57,33.4,12,27,6,39.5,393.43,65.71,12.82,3,84.24,9,Male,Married,Bachelor,120.12
423,33,60.9,17,36,4,13.4,330.48,28.12,18.75,3,76.06,2,Female,Single,High School,101.75
424,30,124.97,12,35,4,47,482.13,59.71,4.92,1,16.82,7,Male,Divorced,High School,195.5
425,59,145.07,13,29,8,44.8,721.28,49.43,14.97,2,83.36,4,Female,Divorced,Bachelor,234.2
426,47,122.7,19,35,8,17.5,527.52,14.2,17.46,0,19.51,7,Female,Divorced,Bachelor,180.85
427,36,109.77,14,25,8,36.7,659.14,25.01,10.9,1,89.26,8,Male,Divorced,PhD,198.2
428,34,87.77,18,37,5,29.1,618.79,29.88,13.72,3,45.86,5,Male,Single,High School,182.64
429,36,31.27,16,52,5,17.5,312.22,92.51,16.49,4,67.7,1,Female,Divorced,PhD,86.76
430,45,144.56,13,39,4,49.4,843.7,23.81,5.95,3,49.72,4,Female,Married,Bachelor,240.25
431,43,118.59,14,21,8,2.2,322.79,29.64,6.64,4,9.4,3,Female,Divorced,High School,124.56
432,54,103.06,13,37,9,13.4,832.29,37.57,1.01,0,29.07,5,Female,Married,Bachelor,233.86
433,43,118.67,17,21,7,26.5,602.43,66.71,19.3,4,98.37,6,Male,Married,PhD,184.67
434,40,114.13,16,59,6,26.6,829.74,12.71,18.43,1,96.07,2,Female,Divorced,PhD,227.75
435,26,102.84,18,25,6,29.9,363.11,95.44,15.53,4,32.05,7,Female,Divorced,PhD,124.09
436,29,147.47,12,48,5,37.8,569.72,86.69,2.5,2,99.63,3,Female,Single,High School,212.53
437,18,137.44,12,59,4,31.6,393.23,58.14,9.5,1,84.56,1,Female,Married,Bachelor,177.52
438,18,104.07,14,53,3,30.4,328.04,67.73,2.94,0,61.1,3,Female,Divorced,Bachelor,135.27
439,64,110.11,18,48,2,3.6,639.64,2.65,1.3,1,4.01,9,Male,Single,PhD,203.25
440,51,26.71,19,54,2,19.4,414.28,34.56,12.71,2,90.14,6,Male,Divorced,PhD,100.96
441,49,107.09,15,59,5,12.4,623.23,79.77,19.26,0,55.74,6,Male,Divorced,PhD,188.02
442,42,25.74,17,45,3,14,361.8,8.67,18.15,3,86.85,4,Male,Divorced,PhD,101.8
443,57,96.47,14,42,5,28.2,482.59,28.95,14.24,2,83.44,8,Male,Married,Master,152.42
444,62,149.92,15,45,2,10.8,729.9,58.94,2.84,0,83.3,5,Female,Divorced,Master,235.56
445,18,92.25,13,41,3,15.4,540.38,26.38,6.21,4,69.82,7,Male,Single,Master,153.97
446,33,81.52,17,45,8,12.6,645.26,93.46,7.08,1,29.14,9,Male,Divorced,PhD,166.94
447,56,60.67,13,38,4,47.5,656.1,13.97,15.5,0,33.62,5,Female,Divorced,PhD,180.31
448,22,35.67,19,29,6,47.3,764.07,79.94,16.24,1,30.85,5,Male,Single,Bachelor,189.54
449,39,115.03,18,25,9,30.9,478.71,51.29,8.32,4,2,4,Male,Single,High School,154.39
450,46,45.04,16,23,1,46.3,678.01,75.28,8.94,0,58.26,6,Male,Married,Bachelor,154.74
451,20,34.99,17,31,4,39.5,828.89,31.76,1.85,3,69.88,2,Male,Married,Master,175.35
452,29,74.83,15,22,8,29.9,701.63,51.93,6.49,2,85.39,3,Female,Married,Bachelor,207.71
453,43,123.39,19,43,2,1.3,569.43,85.83,9.57,0,14.02,1,Female,Married,PhD,194.5
454,33,116.86,16,31,8,38.9,646.89,47.22,3.22,4,54.42,2,Male,Single,Master,191.13
455,54,27.13,12,53,5,35.4,706.83,36.61,9.61,0,0.8,2,Female,Divorced,Master,167.19
456,39,79.17,15,23,3,31.1,636.75,54.08,17.21,1,9.51,8,Male,Divorced,High School,154.69
457,46,87.92,14,29,6,38.3,309.17,72.02,12.05,0,5.42,8,Female,Divorced,High School,120.71
458,31,103.79,12,49,7,26.1,407.13,44.91,2.5,3,72.55,2,Female,Married,Master,173.08
459,45,104.52,19,44,5,35.5,745.76,93.95,4.64,0,8.11,6,Female,Single,Master,206.77
460,22,67.41,12,23,4,46.8,449.96,30.2,10.02,2,71.65,5,Female,Single,Bachelor,154.31
461,64,92.89,14,55,5,19.4,702.36,48.07,7.87,0,24.96,3,Female,Single,Master,202.28
462,47,82.54,17,55,4,35.7,504.67,75.94,7.82,1,87.77,5,Female,Divorced,PhD,175.4
463,63,135.05,12,33,7,24.3,587.04,69.22,11.06,0,81.31,5,Female,Married,Bachelor,202.97
464,22,88.93,18,34,0,34,337.39,86.5,12.1,3,95.78,5,Female,Single,PhD,125.09
465,29,77.33,15,60,6,38.4,399.67,99.68,16.14,4,88.38,3,Female,Married,PhD,159.91
466,33,72.58,16,45,9,3.2,826.46,43.26,7.48,0,93.33,3,Female,Single,PhD,222.92
467,43,94.42,12,41,9,32.7,789.58,12,16.3,0,85.87,4,Female,Married,Master,226.25
468,43,124.52,15,54,1,12.1,658.75,4.01,7.43,2,69.34,7,Male,Single,High School,190.65
469,38,89.99,13,31,8,33.8,552.8,72.96,2.05,3,17.03,2,Female,Married,High School,154.91
470,56,106.02,15,37,0,23.9,671.67,87.53,11.53,4,27.17,4,Male,Single,PhD,203.08
471,53,115.92,16,31,9,38.9,640.24,22.85,12.17,1,21.27,4,Female,Single,Master,209.9
472,50,87.62,15,52,5,7,612.7,16.69,18.76,0,60.36,1,Male,Married,Bachelor,188.11
473,47,75.49,14,43,8,31.7,332.55,7.16,14.8,4,50.36,8,Male,Married,PhD,116.22
474,54,133.97,19,46,0,14.6,648.04,82.45,18.44,1,86.71,1,Male,Divorced,Bachelor,192.11
475,40,74.28,16,30,3,42.8,722.91,31.83,18.26,3,95.27,8,Female,Married,Bachelor,187.91
476,27,80.05,19,29,3,46.5,846.74,40.77,12.49,3,40.49,7,Female,Single,Master,219.33
477,22,148.74,17,40,8,49.8,306.09,50.77,11.03,4,50.64,9,Female,Single,Master,138.89
478,53,20.03,19,50,4,40,701.6,84.11,11.59,1,97.15,8,Female,Married,High School,160.54
479,51,44.11,13,41,4,37.9,614.48,65.43,19.59,3,27.62,5,Male,Divorced,High School,156.74
480,48,69.92,14,21,5,11.6,538.73,61.89,15.69,4,79.24,8,Female,Married,Master,168.58
481,27,141.24,17,55,0,17.5,370.16,18.39,3.02,3,22.52,3,Female,Single,PhD,167.92
482,36,29.1,15,23,0,23.8,525,51.81,15.79,3,68.15,7,Female,Single,High School,129.19
483,49,21.23,16,58,8,38.9,494.91,71.82,4.24,3,25.36,4,Female,Divorced,Bachelor,128.95
484,18,26.85,13,21,2,45.8,466.56,97.35,9.5,2,88.37,5,Female,Married,PhD,123.55
485,22,31.51,14,48,3,10.3,701.98,20.94,5,1,56.15,9,Female,Single,Bachelor,169.38
486,62,24.89,17,23,0,46.2,685.4,1.94,14.1,4,18.59,7,Female,Single,Master,152.4
487,21,82.37,17,56,8,35.1,623.96,8.45,17.67,4,22.44,4,Female,Single,Bachelor,190.29
488,33,95.5,13,39,7,30.9,816.27,38.21,6.52,1,49.38,6,Male,Married,PhD,225.32
489,41,55.32,18,26,1,10.8,492.42,82.23,2.56,1,96.16,7,Male,Married,Master,126.91
490,33,71.78,15,34,7,3.7,434.09,1.71,6.67,1,76.96,9,Female,Divorced,PhD,147.23
491,19,31.92,13,27,6,28.9,660.75,46.22,13.77,1,48.83,4,Female,Single,Bachelor,137.39
492,45,63.73,17,27,5,32.9,409.35,33.59,7.25,0,33.77,3,Female,Single,PhD,136.96
493,49,87.93,12,58,0,11.3,473.26,6.2,6.28,4,54.93,8,Female,Divorced,Master,161.06
494,44,115.2,14,38,6,28.3,423.53,45.57,4.5,0,74.84,1,Male,Single,Bachelor,143.96
495,37,20.44,13,52,9,43,338.03,26.22,10.45,3,78.39,9,Male,Divorced,Bachelor,93.53
496,41,80.75,18,46,6,41.9,755.12,35.84,6.24,3,32.46,1,Female,Divorced,High School,200.79
497,29,58.61,17,47,8,46.4,440,70.86,14.89,4,72.12,2,Male,Single,High School,139.5
498,52,130.87,15,25,0,18.9,560.17,52.63,2.46,3,65.78,8,Male,Married,PhD,197.93
499,50,113.02,19,29,1,16.6,323.82,13.34,13.62,1,95.91,9,Female,Married,High School,139.7
500,50,96.58,17,51,8,37.7,684.64,96.18,5.51,0,93.11,7,Female,Married,High School,213.12
501,60,56.04,15,59,8,22.1,481.81,63.96,10.3,1,78.94,3,Female,Married,High School,145.88
502,54,138.34,13,31,5,5.3,709.61,76.82,6.44,3,72.34,7,Male,Single,High School,237.86
503,29,25.86,15,31,5,14.9,526.82,8.84,14.73,0,27.4,6,Male,Divorced,Master,139.79
504,20,34.23,16,39,3,21.5,407.67,5.66,18.96,1,84.6,2,Female,Divorced,Master,105.55
505,18,70.91,16,59,3,15.3,582.25,2.93,18.42,4,42.75,3,Female,Single,High School,177.82
506,50,36.18,16,31,4,17.3,371.78,19.69,12.09,1,27.22,5,Male,Married,PhD,113.91
507,57,144.33,18,36,2,15.4,542.3,42.03,9.79,3,38.42,4,Male,Divorced,Master,188.91
508,27,123.74,18,56,0,3,474.52,93.65,16.55,0,83.59,2,Female,Single,High School,170.09
509,60,53.67,12,20,0,32.2,801.58,46.25,13.98,4,14.86,4,Male,Single,Master,205.33
510,61,96.51,18,22,6,30.3,333.51,29.74,4.49,0,45.62,8,Female,Married,Bachelor,126.29
511,46,147.7,19,44,0,33,681.71,56.63,16.6,4,49.24,5,Female,Single,Master,226.04
512,30,134.95,13,56,0,10.4,400.51,12.08,9.15,0,3.66,5,Male,Divorced,Master,178.48
513,29,98.1,17,30,2,15.5,475.47,61.34,4.59,3,19.57,3,Male,Divorced,PhD,178.35
514,48,137.48,17,39,9,31.4,528.53,57.27,6.35,4,82.67,8,Male,Single,Master,180.82
515,63,148.59,12,38,3,30.4,799.41,79.41,6.08,2,83.08,6,Female,Divorced,PhD,243.38
516,19,116.64,18,39,3,25.8,433.42,98.68,10.86,0,29.24,2,Female,Single,Bachelor,157.42
517,52,28.45,19,45,1,18.2,350.22,25.84,5.45,0,87.49,2,Female,Divorced,High School,98.71
518,40,72.21,15,39,0,45.7,475.28,51.46,3.35,1,77.18,9,Female,Married,PhD,151.56
519,34,128.92,12,38,2,17.6,357.57,90.98,3.35,4,41.79,7,Female,Divorced,Master,142.44
520,43,49.97,19,39,3,23.3,370.73,78.73,12.08,2,74.84,9,Female,Married,Master,103.16
521,25,127.98,15,44,2,34.2,615.62,49.25,14.96,3,96.13,6,Male,Married,PhD,222.74
522,46,35.64,19,41,7,27.6,333.5,94.59,7.11,1,45.9,5,Female,Single,Bachelor,103.09
523,43,26.1,15,54,9,18,317.01,6.67,1.66,2,23.84,1,Female,Married,High School,93.52
524,27,69.93,14,22,0,22.3,692.93,93.17,3.42,4,94.18,6,Female,Divorced,Master,184.52
525,43,24.78,19,53,1,39.9,498.91,6,18.38,2,60.37,6,Female,Divorced,Bachelor,146.5
526,51,144.45,17,54,6,14.6,368.96,55.18,10.38,0,10.53,3,Male,Married,High School,159.26
527,58,127.41,16,31,3,8,439.49,89.15,9.62,0,57.27,3,Female,Single,High School,163.13
528,24,124.1,18,39,7,16.3,653.15,27.01,1.72,1,50.06,3,Male,Married,Master,195.34
529,21,101.87,15,38,2,42.6,451.55,47.75,14.84,4,85.56,3,Male,Divorced,PhD,151.32
530,62,48.12,14,29,5,5.4,571.99,33.11,11.03,4,53.07,7,Female,Divorced,Master,153.25
531,28,87.37,19,36,8,49.6,366.93,95.26,4.84,2,25.52,2,Female,Married,Master,121.69
532,46,97.65,17,22,0,27.5,623.45,82.54,3.09,1,67.56,2,Male,Married,Master,183.17
533,53,88.25,16,31,0,49.3,473.84,71.19,8.28,4,54.26,3,Male,Married,Bachelor,161.23
534,42,53.83,15,53,7,47,644.83,59.18,16.91,0,23.3,7,Female,Divorced,PhD,177.57
535,38,86.98,19,31,2,23.2,744.62,82.24,17.44,2,57.36,3,Male,Divorced,Bachelor,190.25
536,53,83.85,19,53,4,10.7,636.41,39.83,12.45,3,82.15,7,Female,Divorced,Master,188.76
537,27,149.52,15,41,0,9.1,462.66,45.31,14.82,0,2.86,9,Female,Single,PhD,185.26
538,54,136.67,12,55,4,12.8,440.66,73.27,3.19,1,63.09,4,Male,Divorced,High School,174.1
539,26,80.24,12,43,5,35.8,480.08,36.42,12.17,4,34.96,7,Female,Divorced,PhD,159.93
540,41,100.98,17,21,7,14.4,390.54,7.33,13.67,0,29.27,9,Female,Single,Master,129.06
541,52,117.22,16,47,2,17.7,399.64,8.36,4.81,3,39.26,8,Female,Single,PhD,156.77
542,52,24.53,15,22,2,23,734.88,12.42,17.72,3,34.2,8,Male,Single,High School,154.13
543,53,136.34,17,38,9,45.7,511.6,87.1,4.7,1,83.22,9,Male,Single,High School,165.89
544,35,131.82,17,57,8,10.3,539.8,47.75,6.96,0,27.48,5,Male,Single,PhD,198.83
545,56,79.47,13,27,3,1.2,626.73,71.58,12.79,2,73.32,5,Female,Single,High School,173.27
546,49,70.85,19,36,3,3.9,624.31,39.9,13.13,0,9.41,3,Male,Married,Bachelor,171.33
547,41,55.48,18,49,6,45.3,337.06,26.61,14.29,3,95.14,5,Male,Married,PhD,104.26
548,40,81.97,19,55,1,32.7,757.35,35.37,3.13,1,62.23,8,Male,Married,High School,222.31
549,49,25.77,12,47,7,14.4,397.53,79.62,17.14,1,70.67,5,Female,Married,High School,96.36
550,54,130.79,16,30,5,9.7,697.69,62.9,11.12,2,29.8,4,Female,Divorced,PhD,223.96
551,29,24.6,19,47,2,15.4,724.97,93.83,9.96,1,41.21,8,Male,Single,Bachelor,175.9
552,30,62.78,15,32,8,6.6,693.19,68.29,19.64,1,22.38,7,Male,Divorced,PhD,165.01
553,40,141.11,17,49,4,47.1,618.44,57.45,15.07,1,93.25,6,Male,Single,High School,210.12
554,42,115.58,15,58,7,39.4,308.03,61.41,3.24,1,48.81,5,Female,Single,PhD,163.38
555,52,56.58,13,49,6,23.7,498.21,94.29,15.37,1,63.04,5,Male,Divorced,High School,154.48
556,58,52.84,16,55,7,43.4,632.66,79.03,2.81,3,73.43,2,Female,Married,Master,166.03
557,47,20.66,17,20,6,13.2,513.1,3.38,1.52,0,37.11,4,Female,Divorced,PhD,126.14
558,34,110.44,15,49,2,36.1,774.91,53.88,8.67,4,72.01,8,Female,Divorced,PhD,210.66
559,37,26.34,12,53,1,43,469.84,69.15,19.88,1,67.6,8,Male,Single,High School,109.38
560,42,89.24,18,22,6,18.5,461.44,75.12,4.32,4,70.57,1,Male,Single,High School,142.72
561,39,145.08,13,55,2,38.1,446.3,22.1,13.78,4,48.92,2,Female,Single,High School,183.77
562,30,34.23,16,30,2,15.5,483.03,86.85,4.29,3,38.29,5,Female,Married,High School,135.92
563,36,136.28,13,47,1,15.6,606.57,95.63,14.77,1,22.21,9,Female,Divorced,PhD,211.69
564,53,148.89,12,52,3,6.2,688.86,24.43,10.6,4,82.46,7,Female,Divorced,High School,232.77
565,29,28,16,47,7,22.6,664.41,88.38,13.92,1,60.84,5,Male,Married,PhD,149.69
566,58,134.78,13,24,0,36.8,744.24,10.6,4.85,2,44.44,1,Male,Divorced,Bachelor,222.74
567,36,87.09,14,44,0,47.1,787.25,6.51,15.17,2,94.4,6,Female,Divorced,PhD,223.84
568,29,137.85,12,42,4,30.6,748.84,13.79,19.92,2,4.78,8,Female,Single,High School,235.72
569,26,94.27,12,56,4,43.3,310.42,6.72,13.65,4,85.02,7,Female,Married,High School,132.84
570,24,106.07,12,36,0,41.3,704.75,84.66,10.38,2,99.76,2,Male,Single,Bachelor,208.13
571,45,90.69,14,33,5,9.5,414.62,6.85,18.54,3,88.69,5,Female,Married,PhD,146.25
572,31,132.38,14,50,0,24.8,373.11,27.89,1.3,3,81.04,4,Male,Single,Bachelor,136.16
573,48,115.41,15,37,4,6.7,651.17,11.27,14.87,4,37.43,9,Female,Divorced,PhD,210.44
574,36,87.76,17,46,8,34.4,475.86,30.25,17.89,1,23.13,1,Male,Married,High School,156.7
575,64,132.86,18,46,4,47.5,331.41,9.97,2.17,0,73.49,6,Male,Married,PhD,158.55
576,33,51.89,13,56,5,7.7,375.7,67.13,9.55,1,30.46,3,Female,Single,High School,94.68
577,22,40.45,15,44,7,37,300.51,14.2,4.89,1,17.6,9,Male,Married,High School,115.12
578,52,40.85,13,40,0,32,796.77,85.33,11.76,1,78.65,5,Male,Divorced,Master,180.24
579,29,63.42,18,26,1,29.6,313.54,81.9,13.34,1,31.25,6,Male,Divorced,Master,127.5
580,42,51.03,17,25,8,20.1,415.2,2.35,6.75,0,91.44,9,Male,Divorced,PhD,137.14
581,38,140.91,14,26,2,18.4,528.94,89.68,9.74,2,84.06,9,Female,Single,High School,170.85
582,53,33.76,17,27,5,3.2,496.11,3.87,6.31,1,84.76,8,Female,Married,Bachelor,137.33
583,40,110.87,14,46,4,11.7,801.45,24.72,8.02,3,77.16,9,Female,Single,High School,219.21
584,33,44.6,18,50,1,1.7,322.16,4.21,4.03,4,88.09,4,Female,Divorced,Bachelor,95.23
585,56,134.61,17,41,6,29.5,581.72,34.25,17.83,4,80.57,6,Female,Married,PhD,194.84
586,62,144.97,15,53,3,6.2,674.26,51.87,1.19,3,60.25,5,Male,Divorced,PhD,227.77
587,59,80.51,16,60,0,43.8,812.43,79.87,17.77,1,29.58,5,Male,Married,Bachelor,228.88
588,56,134.28,15,53,3,26.6,641.2,34.46,11.86,0,88.82,4,Male,Married,Bachelor,204.2
589,31,20.67,13,48,5,35.3,742.07,70.84,7.3,2,84.06,2,Male,Single,High School,177.49
590,48,126.59,15,41,6,21.1,346.05,19.56,14.74,4,47.29,6,Female,Married,PhD,147.86
591,22,49.72,18,38,6,28.5,512.27,75.31,10.65,2,3.91,9,Female,Divorced,High School,120.49
592,52,138.13,12,23,6,47.2,505.67,24.36,10.48,0,63.85,1,Male,Married,Bachelor,177.87
593,40,20.15,13,36,2,5.1,787.46,15.21,3.09,4,5.06,7,Female,Divorced,Master,194.96
594,46,92.3,17,56,5,13.4,383.25,19.36,8.4,2,92.63,6,Male,Single,Master,135.72
595,60,118.36,13,52,7,39.2,383.54,19.02,5.58,0,96.16,3,Male,Divorced,Master,133.23
596,28,53.63,16,29,3,5.8,480.71,51.77,1.3,2,18.95,1,Female,Married,Bachelor,144.69
597,35,45.11,14,39,7,4.7,329.96,84.63,7.84,1,67.64,4,Female,Divorced,High School,90.87
598,64,30.93,17,53,1,18.7,400.35,8.88,2.71,0,9.23,9,Female,Divorced,PhD,113.48
599,29,62.44,19,23,9,5.5,830.87,70.99,5.88,2,72.95,2,Female,Married,Bachelor,207.48
600,26,92.78,13,35,8,29.7,535.5,65.78,2.76,1,34.73,3,Female,Divorced,Master,181.76
601,27,35.06,17,54,8,12.1,647.61,87.38,2.92,1,68.11,2,Female,Married,High School,166.56
602,61,68.97,17,36,7,44.9,699.36,25.17,4.78,0,37.29,2,Female,Single,PhD,173.76
603,34,21.18,17,23,9,39.4,501.83,45.56,20,3,14.56,8,Male,Divorced,PhD,113.2
604,55,126.43,14,42,9,35.3,380.97,92.66,1.04,4,40.61,3,Female,Single,Bachelor,139.63
605,24,36.7,19,54,0,31.2,413.62,66.34,13.13,0,11.27,7,Male,Divorced,Bachelor,115.32
606,63,56.83,18,44,1,43.3,472.3,39.49,3.68,1,57.69,8,Male,Divorced,PhD,153.66
607,30,22.4,15,29,5,11.9,649.84,14.01,18.49,1,4.1,3,Female,Single,PhD,162.37
608,57,76.19,17,35,9,43.8,519.05,26.99,2.78,0,52.73,2,Male,Divorced,Master,172.93
609,59,129.22,12,38,4,39.7,303.75,58.54,19.15,3,88.64,8,Female,Divorced,PhD,141.55
610,26,70.98,18,43,8,37.7,587.87,72.1,12.61,4,83.79,3,Male,Single,Bachelor,167.45
611,44,43.33,16,50,4,28.5,806.83,13.32,1.02,2,88.28,7,Male,Divorced,High School,188.16
612,19,117.98,14,24,1,13.1,746.64,60.36,17.99,0,92.2,1,Male,Married,Master,223.2
613,22,122.54,13,56,9,21.8,753.87,55.48,10.91,4,10.45,6,Female,Divorced,Master,227.42
614,46,42.59,14,20,3,39.9,737.28,51.88,5.99,4,12.87,9,Male,Divorced,PhD,182.68
615,54,120.21,13,35,8,2.6,478.05,69.32,15.58,1,55.7,3,Male,Divorced,High School,154.93
616,55,143.15,14,21,0,39.3,720.86,83.91,18.61,2,89.4,7,Male,Single,Master,222.6
617,36,41.63,13,36,0,12.8,378.74,32.98,10.19,0,97.43,6,Female,Married,Bachelor,96.54
618,25,120.23,17,41,6,8.1,661.74,89.01,7,1,4.63,8,Male,Married,PhD,213.15
619,62,112.11,15,40,2,6.7,652.86,16.9,15.99,1,35.58,3,Female,Divorced,Bachelor,205.53
620,18,81.56,13,27,9,2.3,314.06,18.13,13.95,3,21.29,3,Male,Single,PhD,95.37
621,39,27.53,19,46,1,26.7,733.38,27.41,17.89,4,75.6,4,Male,Single,Master,160.79
622,34,29.71,13,22,8,11.7,796.79,12.83,14.16,0,64.02,3,Male,Married,PhD,172.79
623,24,130.81,12,50,2,49.5,447.08,23.8,5.63,0,11.99,9,Female,Single,High School,168.19
624,42,148.72,13,58,1,29.1,746.81,11.53,18.7,0,48.35,4,Male,Divorced,Bachelor,227.11
625,62,107.89,12,34,7,7.8,345.32,82.35,2.99,1,68.54,6,Male,Divorced,High School,146.87
626,21,77.97,16,41,9,34.7,629.98,14.76,6.09,3,77.9,8,Male,Single,Bachelor,181.55
627,53,104.18,17,35,5,45,567.11,74.98,10.88,2,2.01,8,Male,Divorced,Bachelor,182.05
628,23,97.27,12,20,5,37.5,600.26,5.74,11.75,1,89.05,5,Female,Married,PhD,163.88
629,48,69.87,15,35,9,4.7,809.41,94.9,1.29,2,56.93,5,Male,Divorced,Master,220.38
630,36,28.53,18,52,6,44.9,779.22,71.4,15.83,3,81.19,6,Male,Single,Master,192.11
631,61,126.8,17,44,6,39.9,731.8,1.67,7.87,4,80.79,7,Male,Married,High School,221.09
632,56,68.34,12,24,5,8.8,450.53,76.62,8.72,0,18.99,7,Male,Divorced,PhD,116.07
633,44,126.44,17,54,3,3.5,801.5,51.89,16.38,2,11.02,4,Female,Married,Master,243.93
634,27,52.83,19,41,8,28.3,353.63,78.16,8.21,1,72.13,6,Male,Single,Bachelor,104.85
635,43,20.13,17,54,5,8.6,769.33,52.73,1.9,2,15.64,7,Male,Divorced,Bachelor,175.78
636,36,40.66,17,43,3,41.9,480.49,64.46,4.35,4,84.99,5,Female,Divorced,PhD,122.34
637,56,80.91,16,42,2,18.6,329.57,78.85,19.16,0,72.62,5,Male,Married,High School,131.3
638,20,142.76,15,24,3,45.7,668.15,41.11,2.34,2,84.18,2,Male,Divorced,PhD,186.27
639,62,33.29,14,27,2,28.7,427.2,1.27,7.74,4,29.9,7,Male,Divorced,High School,124.39
640,30,131.05,14,59,1,10,433.96,85.14,10.56,1,31.66,6,Female,Divorced,PhD,179.96
641,45,88.51,12,29,4,7.8,468.33,38.71,10.37,3,67.12,1,Male,Divorced,Bachelor,148.77
642,37,127.37,17,59,1,29.2,335.03,50.11,1.08,1,3.14,4,Female,Single,PhD,146.98
643,45,58.79,12,41,5,38.3,397.42,1.77,10.52,0,72.65,3,Female,Divorced,Master,132.09
644,25,129.19,16,25,2,39.3,302.83,49.72,8.29,1,83.58,3,Female,Married,Master,137.37
645,58,120.47,16,24,5,14.5,544.98,98.66,19.47,1,41.52,7,Female,Single,PhD,173.64
646,56,49.91,13,28,9,11,346.34,28.55,4.02,1,76.49,4,Female,Married,High School,119.12
647,18,37.07,19,57,8,1.8,675.46,40.15,7.73,1,17.46,8,Female,Married,High School,196.67
648,20,132.85,16,37,0,34.3,429.59,69.03,8.97,0,32.23,9,Female,Married,Bachelor,158.6
649,30,145.22,13,36,5,4.8,818.97,81.66,8.42,4,97.43,3,Male,Single,Bachelor,251.4
650,45,24.07,15,33,8,21.6,779.19,42.32,13.65,2,98.63,5,Male,Single,High School,166.77
651,42,115.07,12,26,3,30.5,459.19,31.66,5.09,3,51.26,4,Female,Single,PhD,162.15
652,50,138.24,18,40,1,46.9,730.77,93.84,5.2,2,93.43,6,Female,Divorced,Bachelor,219.35
653,55,131.46,15,25,3,16.3,741.78,68.04,14.86,2,52.27,4,Female,Married,High School,238.76
654,23,145.39,16,53,0,13.2,842.61,12.78,10.51,3,29.16,8,Female,Single,High School,256.24
655,61,118.81,15,35,2,33.1,628.81,7.82,8.89,0,26.69,3,Female,Married,PhD,201.08
656,62,77.5,15,35,9,31.3,345.08,48.87,4.21,3,92.95,5,Female,Single,Master,134.57
657,49,60.55,19,39,8,17.3,655.76,22.79,4.56,0,17.24,1,Male,Single,High School,165.79
658,62,61.7,19,38,9,46.5,643.74,26.14,1.2,2,57.96,6,Male,Single,Bachelor,177.77
659,64,114.17,19,60,4,42.4,651.09,87.89,2.74,0,55.55,5,Female,Married,PhD,203.91
660,38,116.96,15,42,5,12,468.93,9.87,11.58,4,73.96,8,Female,Divorced,PhD,176.77
661,33,46.05,16,24,2,12.7,772.82,71.82,17.95,3,49.92,9,Female,Single,PhD,202.51
662,38,132.86,18,44,4,26.1,827.71,27.84,6.46,4,27.23,8,Male,Single,Master,242.62
663,28,112.94,17,26,7,38.9,419.74,76.27,7.23,2,16.94,8,Female,Single,Master,126.3
664,54,93.16,15,21,5,3.2,348.48,72.52,3.2,3,62.08,3,Male,Divorced,Bachelor,115.77
665,53,81.3,13,59,3,35,406.99,1.73,8.38,2,71.9,4,Male,Married,Bachelor,169.02
666,52,90.62,16,51,1,32.8,751.3,51.4,1.71,4,56.95,4,Male,Married,PhD,209.93
667,36,40.7,15,59,8,12.3,672.15,14.79,18.43,2,73.84,5,Female,Married,Bachelor,195.25
668,37,46.48,18,39,0,34.4,649.83,86.76,13.79,3,14.15,9,Female,Married,High School,163.88
669,35,31.85,17,41,0,47.1,520.99,87.29,19.82,3,88.25,9,Male,Single,Master,126.2
670,64,39.98,19,27,3,3.3,617.81,42.42,17.77,2,58.24,1,Male,Divorced,PhD,159.36
671,58,78.98,16,30,6,16.7,469.33,45,9.99,3,12.68,8,Male,Single,PhD,148.91
672,31,88.95,14,54,0,22.5,562.46,31.03,10.87,3,46.19,1,Male,Divorced,High School,181.55
673,32,22.32,17,34,8,45.1,736.18,71.94,4.62,2,84.48,2,Female,Married,High School,173.72
674,48,123.58,13,53,3,48.2,839.68,36.51,9.78,4,89.76,7,Male,Divorced,High School,255.99
675,18,58.24,15,48,2,22.8,812.87,27.51,18.16,3,26.46,8,Female,Single,High School,215.82
676,20,138.54,18,27,0,37.8,813.63,43.79,1.97,3,71.13,1,Male,Single,PhD,251.61
677,33,145.78,14,40,9,27.1,521.22,10.06,17.41,3,10,3,Female,Married,Master,187.99
678,40,44.11,18,47,3,27.4,557.83,74.91,7.48,3,3.35,7,Male,Single,Master,158.09
679,28,80.07,14,29,8,14.6,688.1,2.25,18.09,2,56.04,9,Female,Single,High School,181.26
680,29,20.16,16,53,9,11.6,807.21,64.8,18.88,4,69.48,8,Female,Divorced,Bachelor,185.92
681,27,97.78,14,42,5,15.1,378.1,19.1,13.75,4,79.58,8,Female,Single,PhD,135.27
682,49,98.95,13,27,5,28.3,467.33,24.01,13.62,0,34.02,9,Male,Married,Master,145.94
683,33,52.18,13,43,0,2.4,376.59,63.93,9.6,3,0.65,3,Female,Married,High School,102.05
684,25,92.59,12,60,9,45.5,636.6,99.3,16.88,3,47.95,8,Male,Single,Bachelor,203.85
685,55,49.32,13,26,1,8.7,468.47,77.99,19.27,0,1.59,1,Female,Married,Bachelor,124.14
686,29,40.91,17,53,5,11.8,479.36,23.36,15.73,4,9.2,8,Female,Divorced,High School,129.43
687,41,104.7,14,28,1,26.4,339,18.43,12.82,1,32.67,7,Male,Divorced,PhD,121.33
688,45,62.37,13,51,2,35.8,492.39,86.76,12.53,1,43.72,8,Female,Single,Master,142.48
689,25,96.73,16,49,3,5.7,774.37,44.97,17.14,4,27.95,1,Female,Single,Bachelor,213
690,45,76.32,18,32,4,16.6,428.19,14.57,11.28,3,58.19,6,Male,Divorced,Master,146.2
691,53,147.97,19,33,8,48.5,682.35,86.36,16.27,1,5.53,7,Female,Married,Master,219.46
692,43,39.45,18,52,3,13.9,646.3,81.79,10.67,2,14.46,5,Female,Single,Bachelor,181.64
693,25,80.4,12,38,8,16.3,774.92,98.41,2.19,2,69.53,5,Female,Single,High School,218.11
694,45,108.46,18,49,9,42,372.76,91.06,8.29,0,14.21,7,Female,Married,Bachelor,143.81
695,45,71.42,14,26,2,3.5,837.67,85.33,9.44,4,63.98,3,Male,Single,Bachelor,214.22
696,54,146.71,12,54,7,23.8,620.45,6.2,3.69,4,5.47,6,Female,Married,PhD,223.87
697,58,113.85,14,48,0,19.6,847.51,11.34,2.95,1,40.74,7,Female,Married,Master,254.37
698,53,105.41,16,56,8,16.5,801.33,57.33,11.17,3,17.74,1,Female,Married,High School,244.26
